AÑO_DATOS,AÑO_PONDERACION,ESFUERZO
2017,2018,0.22658
2018,2019,0.22558
2019,2020,0.23725
2020,2021,0.28676
2021,2022,0.2802
2022,2023,0.2598
2023,2024,0.26462
2024,2025,0.24207
